{"stat.useItem.minecraft.bow":695,"stat.useItem.minecraft.quartz_block":5,"stat.craftItem.waymoreoresmod.mythrilarmorlegs":1,"stat.drop.minecraft.gunpowder":8,"stat.mineBlock.aether_legacy.ambrosium_ore":87,"stat.pickup.ebwizardry.spell_book":29,"stat.mineBlock.minecraft.stained_glass":1,"stat.mineBlock.waymoreoresmod.adamantiumore":45,"stat.mineBlock.minecraft.web":188,"stat.pickup.minecraft.rotten_flesh":1260,"stat.craftItem.minecraft.stone_axe":2,"stat.drop.minecraft.leather_boots":1,"stat.killEntity.Enderman":280,"stat.craftItem.waymoreoresmod.galliumarmorbody":2,"stat.craftItem.waymoreoresmod.mythrilarmorhelmet":1,"stat.useItem.supertools.hammeriron":1003,"stat.pickup.minecraft.brown_mushroom":15,"stat.useItem.minecraft.iron_pickaxe":232,"stat.pickup.minecraft.double_plant":1,"stat.mineBlock.chisel.marble2":84,"stat.pickup.minecraft.wooden_shovel":1,"stat.furnaceInteraction":576,"stat.useItem.minecraft.golden_carrot":1,"stat.craftItem.spartanweaponry.material":3,"stat.pickup.minecraft.nether_brick":171,"stat.entityKilledBy.WitherSkeleton":3,"stat.mineBlock.aether_legacy.berry_bush":52,"stat.pickup.spartanshields.shield_basic_diamond":2,"stat.pickup.mca.rose_gold_ore":12,"stat.pickup.tombstone.gift":1,"stat.useItem.minecraft.flint_and_steel":2,"stat.mineBlock.minecraft.fence":2,"stat.useItem.minecraft.wheat_seeds":2,"stat.killEntity.Husk":29,"stat.useItem.iceandfire.chared_dirt":9,"stat.pickup.minecraft.emerald":2,"stat.deaths":161,"stat.drop.aether_legacy.aechor_petal":1,"stat.pickup.minecraft.egg":24,"stat.craftItem.minecraft.iron_pickaxe":11,"stat.pickup.backpack.backpack_piece":2,"stat.craftItem.minecraft.cooked_mutton":49,"stat.pickup.minecraft.cooked_mutton":19,"stat.chestOpened":2057,"stat.killEntity.phyg":12,"stat.pickup.minecraft.iron_sword":3,"stat.pickup.minecraft.gold_nugget":228,"stat.craftItem.minecraft.coal":45,"stat.pickup.iceandfire.silver_nugget":3,"stat.craftItem.supertools.hammerstone":4,"stat.pickup.minecraft.carrot":240,"stat.craftItem.waymoreoresmod.mythrilarmorboots":1,"stat.crouchOneCm":57926,"stat.craftItem.minecraft.iron_ingot":240,"stat.craftingTableInteraction":235,"stat.useItem.aether_legacy.icestone":15,"stat.drop.aether_legacy.diamond_gloves":1,"stat.drop.minecraft.double_plant":1,"stat.mineBlock.minecraft.log2":25,"stat.mineBlock.aether_legacy.mossy_holystone":1,"stat.pickup.minecraft.dye":154,"stat.pickup.minecraft.planks":34,"stat.pickup.chisel.limestone2":83,"stat.mineBlock.aether_legacy.aether_dirt":1,"stat.pickup.aether_legacy.aercloud":90,"stat.craftItem.waymoreoresmod.onyxaxe":1,"stat.pickup.minecraft.magma":21,"stat.drop.spartanweaponry.halberd_diamond":1,"stat.drop.minecraft.sapling":3,"stat.pickup.minecraft.chicken":73,"stat.pickup.minecraft.tipped_arrow":7,"stat.pickup.iceandfire.myrmex_stinger":4,"stat.pickup.minecraft.coal_block":5,"stat.craftItem.minecraft.bucket":3,"stat.craftItem.minecraft.planks":344,"stat.useItem.minecraft.iron_sword":499,"stat.pickup.futuremc.cornflower":5,"stat.drop.futuremc.cornflower":2,"stat.pickup.minecraft.book":51,"stat.useItem.minecraft.stonebrick":94,"stat.pickup.minecraft.iron_door":2,"stat.pickup.minecraft.red_nether_brick":18,"stat.mineBlock.minecraft.cobblestone":306,"stat.pickup.minecraft.stone_pickaxe":2,"stat.pickup.minecraft.flint":3,"stat.pickup.minecraft.leather_chestplate":13,"stat.pickup.backpack.bound_leather":14,"stat.mineBlock.waymoreoresmod.rubyore":35,"stat.useItem.waymoreoresmod.invarpickaxe":138,"stat.drop.minecraft.cobblestone":1,"stat.pickup.minecraft.cooked_porkchop":12,"stat.killEntity.swet":27,"stat.useItem.minecraft.stone_slab2":328,"stat.pickup.minecraft.iron_boots":23,"stat.killEntity.Piranha":24,"stat.killEntity.deathworm":3,"stat.craftItem.minecraft.furnace":7,"stat.pickup.minecraft.golden_axe":4,"stat.craftItem.minecraft.iron_boots":6,"stat.killEntity.Kraken":1,"stat.pickup.aether_legacy.aether_dirt":44,"stat.pickup.iceandfire.myrmex_resin":4,"stat.pickup.minecraft.diamond_leggings":6,"stat.useItem.minecraft.brick_block":12,"stat.drop.minecraft.iron_helmet":1,"stat.useItem.iceandfire.chared_stone":60,"stat.drop.minecraft.chainmail_chestplate":1,"stat.drop.minecraft.spider_eye":1,"stat.killEntity.Creeper":52,"stat.pickup.minecraft.wooden_sword":1,"stat.pickup.waymoreoresmod.invarore":9,"stat.pickup.tombstone.crafting_ingredient":212,"stat.entityKilledBy.Skeleton":18,"stat.drop.minecraft.obsidian":1,"stat.sprintOneCm":6375637,"stat.mineBlock.minecraft.stone_slab":5,"stat.useItem.tombstone.magic_scroll":5,"stat.pickup.mowziesmobs.barakoa_mask_fear":1,"stat.waystones:waystonesActivated":3,"stat.pickup.minecraft.leather_leggings":16,"stat.pickup.minecraft.vine":78,"stat.pickup.ebwizardry.ruined_spell_book":17,"stat.drop.tombstone.grave_key":1,"stat.pickup.tombstone.grave_key":1,"stat.mineBlock.aether_legacy.aether_log":16,"stat.pickup.minecraft.iron_block":11,"stat.craftItem.backpack.backpack_piece":36,"stat.killEntity.Zombie":864,"stat.craftItem.minecraft.dye":4,"stat.mineBlock.minecraft.gold_ore":16,"stat.drop.minecraft.diamond_pickaxe":2,"stat.pickup.minecraft.wheat":1,"stat.mineBlock.minecraft.mossy_cobblestone":17,"stat.craftItem.minecraft.cooked_porkchop":112,"stat.pickup.minecraft.obsidian":109,"stat.pickup.minecraft.coal":726,"stat.pickup.minecraft.iron_ingot":105,"stat.pickup.minecraft.gunpowder":59,"stat.pickup.iceandfire.chared_stone":83,"stat.pickup.minecraft.dirt":147,"stat.drop.minecraft.enchanting_table":2,"stat.mineBlock.minecraft.lapis_ore":14,"stat.pickup.iceandfire.iceandfire.deathworm_egg":1,"stat.pickup.minecraft.red_sandstone":13,"stat.pickup.minecraft.iron_axe":3,"stat.brewingstandInteraction":1,"stat.useItem.minecraft.stone_brick_stairs":1,"stat.mineBlock.minecraft.red_flower":2,"stat.mineBlock.minecraft.torch":39,"stat.killEntity.aerbunny":2,"stat.craftItem.waymoreoresmod.onyxpickaxe":1,"stat.craftItem.minecraft.glowstone":27,"stat.pickup.minecraft.diamond_axe":7,"stat.mineBlock.aether_legacy.holystone":885,"stat.craftItem.waymoreoresmod.galliumarmorboots":5,"stat.pickup.minecraft.diamond_pickaxe":11,"stat.useItem.minecraft.lava_bucket":28,"stat.pickup.aether_legacy.aechor_petal":17,"stat.pickup.iceandfire.dread_shard":6,"stat.useItem.tombstone.gift":2,"stat.pickup.mowziesmobs.barako_mask":1,"stat.pickup.aether_legacy.aether_log":16,"stat.useItem.supertools.hammerstone":524,"stat.killEntity.Stray":8,"stat.mineBlock.aether_legacy.aether_grass":35,"stat.killEntity.flying_cow":6,"stat.mobKills":2905,"stat.pickup.minecraft.diamond_boots":2,"stat.mineBlock.minecraft.bookshelf":16,"stat.useItem.minecraft.boat":4,"stat.pickup.minecraft.diamond":68,"stat.pickup.aether_legacy.purple_flower":3,"stat.useItem.minecraft.string":6,"stat.mineBlock.ebwizardry.crystal_flower":1,"stat.killEntity.sheepuff":8,"stat.killEntity.Blaze":25,"stat.drop.minecraft.shield":3,"stat.pickup.minecraft.golden_boots":3,"stat.pickup.minecraft.glowstone_dust":110,"stat.mineBlock.minecraft.stone_brick_stairs":32,"stat.mineBlock.minecraft.nether_brick_fence":2,"stat.drop.minecraft.golden_leggings":2,"stat.mineBlock.aether_legacy.gravitite_ore":3,"stat.pickup.ebwizardry.spectral_dust":1,"stat.pickup.minecraft.chainmail_chestplate":11,"stat.pickup.mowziesmobs.barakoa_mask_misery":1,"stat.mineBlock.minecraft.sand":85,"tombstone:villager_killed":2,"stat.craftItem.backpack.stick":144,"stat.craftItem.spartanshields.shield_basic_wood":7,"stat.hopperInspected":25,"stat.mineBlock.waymoreoresmod.copper":38,"stat.trappedChestTriggered":12,"stat.mineBlock.waymoreoresmod.galliumore":215,"stat.useItem.minecraft.cooked_mutton":100,"stat.craftItem.travelersbackpack.travelers_backpack":3,"stat.craftItem.waymoreoresmod.copperingot":36,"stat.pickup.minecraft.stone_stairs":13,"stat.drop.spartanshields.shield_basic_obsidian":1,"stat.drop.minecraft.snowball":2,"stat.pickup.minecraft.fermented_spider_eye":4,"stat.mineBlock.minecraft.soul_sand":8,"stat.pickup.minecraft.blaze_rod":12,"stat.craftItem.waymoreoresmod.galliumpickaxe":2,"stat.pickup.aether_legacy.white_apple":11,"stat.pickup.minecraft.netherrack":23,"stat.craftItem.waymoreoresmod.mythrilingot":141,"stat.useItem.minecraft.fish":10,"stat.pickup.iceandfire.myrmex_desert_chitin":3,"stat.pickup.minecraft.waterlily":4,"stat.mineBlock.minecraft.ice":10,"stat.pickup.minecraft.brick_stairs":1,"stat.craftItem.waymoreoresmod.mythrilsword":1,"stat.pickup.waymoreoresmod.adamantiumore":43,"stat.useItem.minecraft.experience_bottle":14,"stat.drop.minecraft.stone":1,"stat.pickup.minecraft.melon_seeds":1,"stat.pickup.minecraft.golden_leggings":8,"stat.mineBlock.minecraft.nether_wart_block":2,"stat.killEntity.myrmex_queen":1,"stat.mineBlock.aether_legacy.icestone":24,"stat.drop.minecraft.bone":4,"stat.useItem.minecraft.furnace":2,"stat.useItem.waymoreoresmod.mythrilore":1,"stat.pickup.minecraft.iron_leggings":25,"stat.mineBlock.minecraft.gravel":39,"stat.useItem.minecraft.wool":1,"stat.craftItem.waymoreoresmod.mythrilbow":1,"stat.craftItem.minecraft.leather":299,"stat.mineBlock.iceandfire.myrmex_resin":3,"stat.pickup.waymoreoresmod.aquamarine":103,"stat.useItem.minecraft.torch":650,"stat.pickup.minecraft.golden_apple":6,"stat.pickup.minecraft.crafting_table":11,"stat.useItem.minecraft.log":4,"stat.craftItem.minecraft.crafting_table":6,"stat.pickup.waymoreoresmod.ruby":76,"stat.craftItem.minecraft.boat":1,"stat.mineBlock.ebwizardry.crystal_ore":34,"stat.pickup.minecraft.redstone_block":1,"stat.useItem.minecraft.cooked_fish":14,"stat.pickup.minecraft.web":49,"stat.drop.backpack.backpack":2,"stat.pickup.minecraft.sapling":20,"stat.drop.minecraft.bow":4,"stat.pickup.minecraft.beetroot":1,"stat.entityKilledBy.cockatrice":1,"stat.mineBlock.iceandfire.goldpile":36,"stat.killEntity.WitherSkeleton":34,"stat.pickup.minecraft.golden_sword":2,"stat.useItem.minecraft.baked_potato":6,"stat.pickup.minecraft.stone_slab":1,"stat.pickup.minecraft.yellow_flower":4,"stat.craftItem.minecraft.diamond_chestplate":1,"stat.pickup.minecraft.bone":602,"stat.useItem.minecraft.mushroom_stew":2,"stat.drop.waymoreoresmod.galliumsword":1,"stat.killEntity.myrmex_sentinel":2,"stat.useItem.minecraft.log2":1,"stat.drop.minecraft.glowstone_dust":2,"stat.mineBlock.minecraft.brown_mushroom":1,"stat.craftItem.minecraft.diamond_helmet":3,"stat.climbOneCm":85524,"stat.useItem.waymoreoresmod.galliumsword":1094,"stat.pickup.minecraft.golden_helmet":3,"stat.entityKilledBy.Endermite":1,"stat.useItem.minecraft.red_flower":1,"stat.useItem.waymoreoresmod.mythrilsword":423,"stat.mineBlock.futuremc.bee_nest":1,"stat.craftItem.spartanshields.shield_basic_iron":2,"stat.pickup.minecraft.anvil":1,"stat.useItem.minecraft.iron_ore":5,"stat.craftItem.minecraft.stone_pickaxe":34,"stat.pickup.minecraft.cobblestone":6746,"stat.pickup.minecraft.soul_sand":3,"stat.pickup.aether_legacy.blue_berry":94,"stat.useItem.minecraft.cooked_beef":110,"stat.pickup.minecraft.redstone":145,"stat.mineBlock.minecraft.iron_ore":332,"stat.drop.waymoreoresmod.mythrilblock":6,"stat.useItem.aether_legacy.blue_berry":3,"stat.pickup.minecraft.mossy_cobblestone":20,"stat.useItem.iceandfire.ash":5,"stat.pickup.waymoreoresmod.invarsword":3,"stat.useItem.minecraft.cooked_porkchop":123,"stat.pickup.minecraft.iron_shovel":2,"stat.pickup.minecraft.carpet":6,"stat.pickup.minecraft.diamond_shovel":2,"stat.pickup.ebwizardry.smoke_bomb":1,"stat.pickup.iceandfire.frozen_stone":9,"stat.pickup.aether_legacy.swetty_ball":13,"stat.useItem.waymoreoresmod.galliumore":3,"stat.pickup.minecraft.paper":7,"stat.craftItem.minecraft.stick":192,"stat.killEntity.myrmex_soldier":2,"stat.pickup.minecraft.diamond_chestplate":5,"stat.entityKilledBy.Creeper":1,"stat.craftItem.waymoreoresmod.galliumarmorlegs":3,"stat.killEntity.ebwizardry:wizard":3,"stat.mineBlock.minecraft.planks":7,"stat.drop":151,"stat.mineBlock.aether_legacy.zanite_ore":8,"stat.killEntity.Sheep":25,"stat.drop.minecraft.iron_boots":1,"stat.pickup.minecraft.golden_chestplate":6,"stat.craftItem.backpack.backpack":22,"stat.drop.minecraft.bread":1,"stat.drop.minecraft.nether_wart":11,"stat.mineBlock.minecraft.anvil":1,"stat.useItem.minecraft.apple":18,"stat.mineBlock.minecraft.deadbush":1,"stat.useItem.minecraft.porkchop":14,"stat.useItem.minecraft.carpet":1,"stat.useItem.minecraft.potion":18,"stat.craftItem.travelersbackpack.backpack_tank":8,"stat.pickup.minecraft.fence":3,"stat.useItem.minecraft.stone_axe":169,"stat.mineBlock.iceandfire.frozen_stone":6,"stat.pickup.ebwizardry.poison_bomb":1,"stat.craftItem.minecraft.iron_helmet":5,"stat.boatOneCm":279689,"stat.craftItem.minecraft.flint_and_steel":1,"stat.mineBlock.minecraft.leaves2":13,"stat.mineBlock.minecraft.stone_stairs":20,"stat.mineBlock.minecraft.furnace":11,"stat.mineBlock.iceandfire.chared_cobblestone":43,"stat.killEntity.CaveSpider":35,"stat.useItem.tombstone.grave_key":77,"stat.pickup.minecraft.oak_stairs":3,"stat.damageDealt":491747,"stat.killEntity.dread_beast":5,"stat.mineBlock.minecraft.nether_brick_stairs":16,"stat.killEntity.if_pixie":5,"stat.pickup.minecraft.end_bricks":2,"stat.pickup.aether_legacy.victory_medal":10,"stat.mineBlock.iceandfire.chared_dirt":1,"stat.pickup.minecraft.boat":5,"stat.pickup.minecraft.stick":93,"stat.craftItem.minecraft.diamond_boots":2,"stat.drop.minecraft.leather_chestplate":2,"stat.killEntity.Chicken":66,"stat.mineBlock.minecraft.quartz_ore":19,"stat.pickup.ebwizardry.runestone":1,"stat.mineBlock.waymoreoresmod.vibraniumore":53,"stat.pickup.backpack.stick":2,"stat.useItem.minecraft.golden_apple":2,"stat.mineBlock.minecraft.leaves":141,"stat.pickup.minecraft.wooden_slab":2,"stat.leaveGame":41,"stat.useItem.minecraft.glowstone":14,"stat.mineBlock.minecraft.sandstone":12,"stat.killEntity.PigZombie":59,"stat.drop.minecraft.feather":1,"stat.mineBlock.aether_legacy.crystal_leaves":11,"stat.mineBlock.minecraft.red_sandstone":2,"stat.pickup.minecraft.brick_block":16,"stat.pickup.iceandfire.witherbone":5,"stat.pickup.iceandfire.chared_cobblestone":12,"stat.craftItem.spartanshields.shield_basic_diamond":3,"stat.craftItem.supertools.hammeriron":2,"stat.mineBlock.minecraft.wooden_slab":1,"stat.pickup.minecraft.leather_boots":15,"stat.killEntity.Witch":4,"stat.killEntity.myrmex_worker":5,"stat.craftItem.minecraft.wooden_pickaxe":1,"stat.mineBlock.minecraft.brick_block":16,"stat.drop.minecraft.cooked_mutton":2,"stat.craftItem.minecraft.bed":3,"stat.mineBlock.minecraft.vine":121,"stat.killEntity.ZombieVillager":27,"stat.drop.minecraft.red_flower":5,"stat.pickup.iceandfire.manuscript":1,"stat.pickup.minecraft.beef":86,"stat.pickup.minecraft.leather_helmet":22,"stat.pickup.minecraft.potion":4,"stat.useItem.waymoreoresmod.galliumpickaxe":713,"stat.pickup.mowziesmobs.barakoa_mask_rage":1,"stat.pickup.backpack.backpack":3,"stat.useItem.minecraft.dye":1,"stat.useItem.minecraft.beef":23,"stat.mineBlock.aether_legacy.aercloud":103,"stat.mineBlock.minecraft.stone_pressure_plate":6,"stat.useItem.minecraft.nether_brick":64,"stat.drop.minecraft.glass_bottle":17,"stat.pickup.chisel.marble2":75,"stat.mineBlock.minecraft.tallgrass":122,"stat.useItem.minecraft.stone":102,"stat.pickup.minecraft.arrow":526,"stat.pickup.minecraft.wooden_pressure_plate":2,"stat.mineBlock.aether_legacy.purple_flower":2,"stat.entityKilledBy.ebwizardry:remnant":1,"stat.drop.futuremc.smooth_stone":6,"stat.pickup.chisel.basalt2":18,"stat.pickup.aether_legacy.gravitite_ore":3,"stat.mineBlock.minecraft.chest":5,"stat.pickup.iceandfire.myrmex_desert_resin":11,"stat.pickup.iceandfire.silver_ore":2,"stat.useItem.aether_legacy.holystone":328,"stat.useItem.minecraft.reeds":18,"stat.craftItem.minecraft.wooden_sword":1,"stat.pickup.minecraft.wheat_seeds":28,"stat.drop.iceandfire.witherbone":1,"stat.killEntity.cockatrice":3,"stat.mineBlock.minecraft.glass":1,"stat.mineBlock.minecraft.dirt":91,"stat.useItem.minecraft.bread":34,"stat.pickup.minecraft.brewing_stand":2,"stat.killEntity.moa":6,"stat.mineBlock.iceandfire.silver_ore":2,"stat.useItem.minecraft.cobblestone":1386,"stat.useItem.minecraft.gravel":3,"stat.mineBlock.minecraft.double_plant":5,"stat.pickup.futuremc.smooth_stone":3,"stat.pickup.minecraft.iron_pickaxe":2,"stat.craftItem.minecraft.gold_ingot":8,"stat.pickup.minecraft.hopper":1,"stat.craftItem.chisel.chisel_iron":1,"stat.mineBlock.iceandfire.dread_spawner":1,"stat.entityKilledBy.Wolf":3,"stat.mineBlock.minecraft.log":88,"stat.pickup.minecraft.red_flower":30,"stat.pickup.minecraft.wool":62,"stat.pickup.waymoreoresmod.mythrilore":73,"stat.pickup.minecraft.trapped_chest":3,"stat.drop.waymoreoresmod.invarsword":1,"stat.cakeSlicesEaten":34,"stat.pickup.waymoreoresmod.mythrilingot":1,"stat.pickup.supertools.hammeriron":1,"stat.craftItem.spartanweaponry.halberd_diamond":3,"stat.useItem.minecraft.iron_axe":8,"stat.mineBlock.aether_legacy.berry_bush_stem":7,"stat.mineBlock.iceandfire.chared_stone":23,"stat.mineBlock.minecraft.yellow_flower":2,"stat.craftItem.tombstone.grave_key":80,"stat.pickup.aether_legacy.holystone":790,"stat.craftItem.minecraft.wool":12,"stat.pickup.minecraft.enchanted_book":72,"stat.pickup.minecraft.glowstone":10,"stat.pickup.waymoreoresmod.galliumsword":1,"stat.useItem.minecraft.obsidian":68,"stat.useItem.minecraft.cookie":3,"stat.pickup.minecraft.bow":30,"stat.craftItem.backpack.bound_leather":165,"stat.useItem.minecraft.egg":13,"stat.pickup.minecraft.nether_wart_block":1,"stat.craftItem.futuremc.smooth_stone":3,"stat.craftItem.minecraft.cooked_beef":63,"stat.mineBlock.minecraft.obsidian":100,"stat.pickup.waymoreoresmod.mythrilblock":6,"stat.flyOneCm":7090270,"stat.mineBlock.waymoreoresmod.onyxore":63,"stat.pickup.minecraft.sandstone":56,"stat.pickup.minecraft.nether_brick_stairs":10,"stat.pickup.minecraft.fish":30,"stat.pickup.iceandfire.myrmex_desert_biolight":6,"stat.timeSinceDeath":31776,"stat.killEntity.Bat":1,"stat.pickup.travelersbackpack.travelers_backpack":19,"stat.pickup.minecraft.chainmail_helmet":8,"stat.pickup.minecraft.nether_wart":35,"stat.drop.ebwizardry.firebomb":1,"stat.mineBlock.minecraft.enchanting_table":1,"stat.pickup.iceandfire.frozen_cobblestone":2,"stat.killEntity.Wolf":1,"stat.mineBlock.minecraft.coal_ore":489,"stat.pickup.minecraft.shield":32,"stat.talkedToVillager":5,"stat.drop.minecraft.spawn_egg":3,"stat.pickup.minecraft.string":1302,"stat.useItem.aether_legacy.aercloud":24,"stat.killEntity.ebwizardry:evil_wizard":5,"stat.useItem.waymoreoresmod.mythrilpickaxe":238,"stat.mineBlock.minecraft.diamond_ore":57,"stat.craftItem.waymoreoresmod.galliumingot":145,"stat.pickup.minecraft.spawn_egg":79,"stat.mineBlock.waymoreoresmod.mythrilore":71,"stat.useItem.minecraft.wooden_sword":90,"stat.craftItem.waymoreoresmod.mythrilpickaxe":1,"stat.pickup.minecraft.snowball":2,"stat.pickup.iceandfire.chared_dirt":77,"stat.pickup.iceandfire.deathworm_tounge":1,"stat.diveOneCm":542679,"stat.useItem.minecraft.chicken":18,"stat.pickup.minecraft.stone_axe":1,"stat.craftItem.waymoreoresmod.galliumsword":2,"stat.craftItem.spartanshields.shield_basic_obsidian":1,"stat.useItem.minecraft.rotten_flesh":296,"stat.jump":38638,"stat.useItem.minecraft.sand":12,"stat.pickup.iceandfire.chared_gravel":1,"stat.useItem.aether_legacy.white_apple":2,"stat.craftItem.minecraft.torch":252,"stat.useItem.minecraft.glass":1,"stat.pickup.minecraft.gold_ore":8,"stat.damageTaken":-2147386669,"stat.pickup.minecraft.log2":31,"stat.pickup.minecraft.bed":3,"stat.pickup.minecraft.quartz_block":33,"stat.pickup.minecraft.potato":3,"stat.entityKilledBy.Zombie":23,"stat.pickup.iceandfire.chared_grass":9,"stat.killEntity.Silverfish":84,"stat.craftItem.minecraft.stone_slab":6,"stat.useItem.minecraft.chest":13,"stat.craftItem.waymoreoresmod.mythrilarmorbody":2,"stat.craftItem.minecraft.iron_chestplate":3,"stat.pickup.minecraft.baked_potato":1,"stat.killEntity.if_troll":2,"stat.pickup.minecraft.ender_pearl":219,"stat.useItem.minecraft.netherrack":6,"stat.useItem.iceandfire.chared_grass":5,"stat.craftItem.travelersbackpack.sleeping_bag_bottom":3,"stat.mineBlock.minecraft.tnt":1,"stat.useItem.waymoreoresmod.invarsword":455,"stat.pickup.aether_legacy.icestone":16,"stat.mineBlock.minecraft.stonebrick":283,"stat.mineBlock.minecraft.glowstone":31,"stat.craftItem.backpack.tanned_leather":161,"stat.pickup.waymoreoresmod.galliumore":221,"stat.drop.tombstone.magic_scroll":1,"stat.craftItem.minecraft.shears":1,"stat.pickup.minecraft.torch":52,"stat.killEntity.ebwizardry:remnant":2,"stat.killEntity.firedragon":11,"stat.pickup.aether_legacy.zanite_gemstone":13,"stat.drop.minecraft.waterlily":1,"stat.pickup.iceandfire.armor_red_helmet":1,"stat.drop.minecraft.red_nether_brick":1,"stat.useItem.minecraft.mutton":16,"stat.useItem.minecraft.planks":4,"stat.pickup.minecraft.porkchop":126,"stat.pickup.minecraft.blaze_powder":8,"stat.pickup.minecraft.glass":1,"stat.drop.ebwizardry.magic_crystal":5,"stat.useItem.minecraft.water_bucket":94,"stat.pickup.minecraft.sand":141,"stat.entityKilledBy.Spider":7,"stat.useItem.minecraft.red_nether_brick":3,"stat.killEntity.Mimic":7,"stat.useItem.minecraft.ender_pearl":42,"stat.entityKilledBy.firedragon":21,"stat.pickup.iceandfire.ash":16,"stat.mineBlock.waymoreoresmod.invarore":8,"stat.craftItem.minecraft.cooked_fish":14,"stat.useItem.minecraft.spawn_egg":2,"stat.mineBlock.iceandfire.silverpile":1,"stat.pickup.iceandfire.rotten_egg":2,"stat.pickup.iceandfire.dragon_skull":1,"stat.mineBlock.ebwizardry.runestone":2,"stat.pickup.minecraft.furnace":13,"stat.mineBlock.minecraft.end_bricks":2,"stat.mineBlock.aether_legacy.aether_leaves":3,"stat.pickup.aether_legacy.ambrosium_shard":107,"stat.pickup.minecraft.iron_chestplate":25,"stat.drop.ebwizardry.ruined_spell_book":1,"stat.pickup.minecraft.skull":3,"stat.pickup.tombstone.magic_scroll":30,"stat.mineBlock.iceandfire.ash":6,"stat.mineBlock.minecraft.oak_stairs":1,"stat.mineBlock.iceandfire.chared_gravel":3,"stat.playOneMinute":2496926,"stat.pickup.minecraft.diamond_block":3,"stat.pickup.minecraft.iron_bars":113,"stat.mineBlock.minecraft.netherrack":36,"stat.killEntity.myrmex_royal":2,"stat.killEntity.Anthermite":3,"stat.pickup.minecraft.cooked_chicken":6,"stat.fallOneCm":1035513,"stat.pickup.iceandfire.pixie_dust":4,"stat.craftItem.minecraft.chest":10,"stat.pickup.minecraft.red_mushroom":18,"stat.useItem.waymoreoresmod.onyxsword":33,"stat.pickup.minecraft.feather":59,"stat.drop.minecraft.iron_leggings":1,"stat.mineBlock.minecraft.red_nether_brick":95,"stat.useItem.minecraft.stone_pickaxe":258,"stat.craftItem.minecraft.iron_leggings":4,"stat.killEntity.Rabbit":1,"stat.pickup.minecraft.chainmail_boots":9,"stat.drop.minecraft.stick":4,"stat.useItem.minecraft.iron_bars":15,"stat.mineBlock.minecraft.monster_egg":1,"stat.mineBlock.minecraft.quartz_stairs":8,"stat.drop.tombstone.crafting_ingredient":4,"stat.pickup.mowziesmobs.ice_crystal":1,"stat.pickup.minecraft.log":113,"stat.pickup.minecraft.chainmail_leggings":13,"stat.entityKilledBy.Enderman":3,"stat.pickup.minecraft.diamond_helmet":7,"stat.craftItem.minecraft.cooked_chicken":54,"stat.killEntity.dread_knight":4,"stat.pickup.iceandfire.pixie_house":5,"stat.useItem.aether_legacy.aether_dirt":5,"stat.mineBlock.iceandfire.dragon_ice_spikes":1,"stat.sneakTime":21709,"stat.entityKilledBy.Blaze":1,"stat.pickup.waymoreoresmod.vibraniumore":62,"stat.pickup.minecraft.chest":15,"stat.craftItem.minecraft.enchanting_table":1,"stat.useItem.spartanweaponry.halberd_diamond":2715,"stat.pickup.minecraft.stone_pressure_plate":5,"stat.mineBlock.aether_legacy.quicksoil":16,"stat.pickup.iceandfire.deathworm_chitin":15,"stat.craftItem.waymoreoresmod.adamantiumingot":22,"stat.swimOneCm":547930,"stat.mineBlock.minecraft.diamond_block":3,"stat.killEntity.mimic":12,"stat.useItem.minecraft.dirt":30,"stat.pickup.minecraft.enchanting_table":1,"stat.drop.minecraft.ender_pearl":2,"stat.useItem.minecraft.golden_pickaxe":81,"stat.mineBlock.minecraft.magma":31,"stat.pickup.minecraft.quartz_stairs":2,"stat.mineBlock.minecraft.redstone_block":2,"stat.mineBlock.chisel.limestone2":84,"stat.pickup.minecraft.clay":1,"stat.pickup.minecraft.glass_bottle":15,"stat.useItem.chisel.limestone2":7,"stat.drop.minecraft.wheat_seeds":1,"stat.pickup.waymoreoresmod.onyx":64,"stat.pickup.minecraft.mutton":65,"stat.mineBlock.minecraft.coal_block":2,"stat.pickup.minecraft.stonebrick":206,"stat.pickup.ebwizardry.magic_crystal":78,"stat.mineBlock.minecraft.nether_brick":241,"stat.useItem.iceandfire.frozen_stone":1,"stat.craftItem.minecraft.stone_slab2":0,"stat.useItem.minecraft.golden_axe":17,"stat.craftItem.waymoreoresmod.onyxsword":1,"stat.killEntity.dread_thrall":2,"stat.drop.minecraft.potion":1,"stat.mineBlock.waymoreoresmod.aquamarineore":46,"stat.craftItem.minecraft.stone":5,"stat.mineBlock.minecraft.crafting_table":9,"stat.useItem.minecraft.diamond_pickaxe":3986,"stat.mineBlock.minecraft.quartz_block":120,"stat.useItem.minecraft.carrot":235,"stat.killEntity.Endermite":2,"stat.useItem.aether_legacy.ambrosium_torch":8,"stat.useItem.minecraft.bucket":108,"stat.craftItem.spartanshields.shield_basic_stone":1,"stat.useItem.iceandfire.chared_cobblestone":4,"stat.pickup.minecraft.slime_ball":12,"stat.killEntity.aechor_plant":11,"stat.craftItem.backpack.backpack_frame":36,"stat.drop.waymoreoresmod.onyxsword":1,"stat.pickup.minecraft.gravel":48,"stat.useItem.minecraft.diamond_axe":1119,"stat.pickup.minecraft.stone_brick_stairs":5,"stat.drop.minecraft.cooked_porkchop":8,"stat.pickup.minecraft.iron_helmet":19,"stat.pickup.minecraft.spider_eye":86,"stat.craftItem.waymoreoresmod.galliumarmorhelmet":4,"stat.useItem.minecraft.cooked_chicken":72,"stat.pickup.minecraft.iron_ore":325,"stat.pickup.aether_legacy.berry_bush_stem":4,"stat.mineBlock.mca.rose_gold_ore":16,"stat.mineBlock.minecraft.iron_bars":119,"stat.pickup.minecraft.leaves":3,"stat.pickup.waymoreoresmod.copper":36,"stat.pickup.minecraft.leather":103,"stat.mineBlock.iceandfire.pixie_house":10,"stat.useItem.minecraft.wooden_pickaxe":61,"stat.dispenserInspected":2,"stat.pickup.minecraft.reeds":74,"tombstone:undead_killed":1447,"stat.useItem.minecraft.magma":12,"stat.craftItem.minecraft.glass":67,"stat.drop.minecraft.cooked_chicken":2,"stat.killEntity.zephyr":20,"stat.pickup.aether_legacy.quicksoil":7,"stat.sleepInBed":26,"stat.killEntity.Cow":39,"stat.killEntity.Pig":52,"stat.walkOneCm":4946504,"stat.playerKills":1,"stat.pickup.minecraft.clay_ball":3,"stat.mineBlock.chisel.basalt2":151,"stat.drop.minecraft.diamond_axe":1,"stat.entityKilledBy.ebwizardry:ice_wraith":1,"stat.drop.minecraft.iron_chestplate":1,"stat.pickup.minecraft.stone":1517,"stat.drop.minecraft.emerald":1,"stat.pickup.minecraft.gold_ingot":2,"stat.killEntity.Skeleton":393,"stat.drop.minecraft.fermented_spider_eye":1,"stat.craftItem.aether_legacy.diamond_gloves":2,"stat.killEntity.Spider":326,"stat.pickup.minecraft.bread":3,"stat.pickup.minecraft.quartz":124,"stat.pickup.minecraft.golden_shovel":3,"stat.pickup.minecraft.spruce_stairs":3,"stat.mineBlock.minecraft.redstone_ore":67,"stat.pickup.spartanweaponry.halberd_diamond":2,"stat.pickup.minecraft.lava_bucket":1,"stat.mineBlock.minecraft.stone":13352}