{"stat.useItem.minecraft.bow":903,"stat.useItem.minecraft.quartz_block":7,"stat.craftItem.spartanweaponry.quiver_arrow_heavy":1,"stat.pickup.minecraft.wooden_slab":2,"stat.pickup.iceandfire.fire_dragon_flesh":5,"stat.craftItem.waymoreoresmod.mythrilarmorlegs":1,"stat.mineBlock.iceandfire.chared_grass":1,"stat.leaveGame":31,"stat.pickup.ebwizardry.spell_book":31,"stat.mineBlock.minecraft.sandstone":78,"stat.craftItem.minecraft.ender_eye":56,"stat.killEntity.PigZombie":11,"stat.mineBlock.minecraft.stained_glass":1,"stat.drop.minecraft.enchanted_book":2,"stat.mineBlock.waymoreoresmod.adamantiumore":85,"stat.mineBlock.minecraft.web":107,"stat.mineBlock.minecraft.red_sandstone":191,"stat.pickup.minecraft.rotten_flesh":1566,"stat.pickup.minecraft.brick_block":2,"stat.craftItem.minecraft.stone_axe":1,"stat.pickup.iceandfire.witherbone":10,"stat.pickup.iceandfire.chared_cobblestone":27,"stat.killEntity.Enderman":267,"stat.craftItem.supertools.hammeriron":9,"stat.mineBlock.minecraft.wooden_slab":2,"stat.pickup.minecraft.leather_boots":12,"stat.craftItem.waymoreoresmod.mythrilarmorhelmet":1,"stat.useItem.supertools.hammeriron":3272,"stat.pickup.minecraft.brown_mushroom":10,"stat.killEntity.Witch":4,"stat.pickup.minecraft.mob_spawner":47,"stat.useItem.minecraft.iron_pickaxe":471,"stat.pickup.minecraft.stained_hardened_clay":2,"stat.killEntity.myrmex_worker":3,"stat.craftItem.minecraft.wooden_pickaxe":2,"stat.drop.minecraft.cooked_mutton":5,"stat.pickup.minecraft.double_plant":1,"stat.craftItem.minecraft.bed":1,"stat.mineBlock.minecraft.hopper":32,"stat.mineBlock.minecraft.vine":83,"stat.mineBlock.chisel.marble2":77,"stat.mineBlock.minecraft.sticky_piston":1,"stat.furnaceInteraction":275,"stat.craftItem.spartanweaponry.material":4,"stat.killEntity.ZombieVillager":28,"stat.pickup.minecraft.nether_brick":207,"stat.pickup.iceandfire.manuscript":17,"stat.pickup.minecraft.beef":14,"stat.pickup.minecraft.hay_block":58,"stat.pickup.minecraft.leather_helmet":13,"stat.useItem.minecraft.trapdoor":72,"stat.mineBlock.minecraft.stained_hardened_clay":3,"stat.pickup.mca.rose_gold_ore":66,"stat.pickup.waymoreoresmod.galliumarmorboots":1,"stat.pickup.minecraft.potion":2,"stat.mineBlock.minecraft.fence":1,"stat.pickup.mowziesmobs.barakoa_mask_rage":2,"stat.killEntity.Husk":22,"stat.pickup.backpack.backpack":5,"stat.pickup.minecraft.emerald":13,"stat.useItem.minecraft.dye":1165,"stat.useItem.minecraft.beef":7,"stat.deaths":76,"stat.craftItem.futuremc.blast_furnace":1,"stat.pickup.mowziesmobs.barakoa_mask_fury":1,"stat.pickup.minecraft.egg":21,"stat.mineBlock.minecraft.stone_pressure_plate":5,"stat.useItem.minecraft.nether_brick":43,"stat.craftItem.minecraft.iron_pickaxe":82,"stat.pickup.iceandfire.troll_leather_frost":3,"stat.pickup.spartanweaponry.quiver_arrow_heavy":1,"stat.drop.minecraft.torch":10,"stat.pickup.chisel.marble2":51,"stat.mineBlock.minecraft.tallgrass":122,"stat.craftItem.minecraft.cooked_mutton":7,"stat.pickup.minecraft.cooked_mutton":41,"stat.chestOpened":1475,"stat.craftItem.waymoreoresmod.invararmorboots":1,"stat.useItem.minecraft.stone":143,"stat.pickup.minecraft.arrow":561,"stat.pickup.minecraft.iron_sword":3,"stat.killEntity.Ghast":3,"stat.craftItem.iceandfire.dragonarmor_iron":1,"stat.pickup.minecraft.gold_nugget":1628,"stat.craftItem.minecraft.coal":262,"stat.pickup.iceandfire.silver_nugget":11,"stat.pickup.chisel.basalt2":20,"stat.pickup.minecraft.carrot":1644,"stat.craftItem.waymoreoresmod.mythrilarmorboots":1,"stat.crouchOneCm":82187,"stat.mineBlock.minecraft.chest":53,"stat.pickup.minecraft.rail":14,"stat.killEntity.dread_lich":3,"stat.craftItem.minecraft.iron_ingot":434,"stat.craftingTableInteraction":219,"stat.pickup.iceandfire.myrmex_desert_resin":42,"stat.pickup.minecraft.nether_brick_fence":3,"stat.pickup.iceandfire.silver_ore":1,"stat.pickup.iceandfire.ice_dragon_flesh":6,"stat.pickup.minecraft.wooden_pickaxe":2,"stat.mineBlock.minecraft.log2":25,"stat.useItem.minecraft.reeds":2,"stat.pickup.minecraft.dye":321,"stat.pickup.minecraft.planks":159,"stat.pickup.chisel.limestone2":92,"stat.pickup.minecraft.wheat_seeds":160,"stat.mineBlock.minecraft.dirt":116,"stat.craftItem.iceandfire.dragonbone_pickaxe":1,"stat.useItem.minecraft.bread":14,"stat.mineBlock.iceandfire.sapphire_ore":3,"stat.mineBlock.iceandfire.silver_ore":3,"stat.drop.minecraft.rotten_flesh":7,"stat.useItem.minecraft.cobblestone":3267,"stat.pickup.minecraft.magma":1,"stat.useItem.minecraft.gravel":12,"stat.mineBlock.minecraft.double_plant":4,"stat.pickup.iceandfire.weezer_blue_album":1,"stat.drop.spartanweaponry.halberd_diamond":2,"stat.pickup.futuremc.smooth_stone":3,"stat.drop.minecraft.chicken":6,"stat.pickup.minecraft.iron_pickaxe":4,"stat.pickup.futuremc.blast_furnace":2,"stat.drop.minecraft.carrot":90,"stat.craftItem.minecraft.gold_ingot":550,"stat.mineBlock.iceandfire.frozen_cobblestone":16,"stat.pickup.minecraft.hopper":31,"stat.pickup.minecraft.chicken":40,"stat.pickup.minecraft.tipped_arrow":2,"stat.pickup.minecraft.apple":8,"stat.useItem.minecraft.fireworks":19,"stat.pickup.iceandfire.myrmex_stinger":4,"stat.pickup.minecraft.coal_block":29,"stat.craftItem.minecraft.bucket":2,"stat.craftItem.minecraft.planks":1676,"stat.useItem.minecraft.iron_sword":2243,"stat.itemEnchanted":12,"stat.pickup.minecraft.stone_sword":2,"stat.pickup.minecraft.book":188,"stat.useItem.minecraft.stonebrick":66,"stat.mineBlock.minecraft.log":606,"stat.pickup.iceandfire.dragonbone":162,"stat.pickup.minecraft.iron_door":11,"stat.craftItem.minecraft.paper":39,"stat.pickup.minecraft.red_flower":35,"stat.pickup.minecraft.red_nether_brick":7,"stat.pickup.minecraft.wool":79,"stat.pickup.waymoreoresmod.mythrilore":178,"stat.pickup.minecraft.trapped_chest":2,"stat.drop.waymoreoresmod.invarsword":4,"stat.pickup.minecraft.red_sandstone_stairs":13,"stat.cakeSlicesEaten":16,"stat.pickup.supertools.hammeriron":1,"stat.useItem.minecraft.iron_axe":1362,"stat.mineBlock.minecraft.cobblestone":1367,"stat.killEntity.gorgon":2,"stat.pickup.minecraft.stone_pickaxe":1,"stat.pickup.minecraft.flint":7,"stat.pickup.iceandfire.ice_dragon_heart":1,"stat.mineBlock.minecraft.yellow_flower":3,"stat.mineBlock.iceandfire.chared_stone":22,"stat.craftItem.tombstone.grave_key":45,"stat.pickup.minecraft.leather_chestplate":11,"stat.pickup.minecraft.flower_pot":2,"stat.craftItem.minecraft.wool":6,"stat.mineBlock.waymoreoresmod.rubyore":59,"stat.craftItem.waymoreoresmod.invaringot":26,"stat.pickup.minecraft.enchanted_book":83,"stat.craftItem.minecraft.saddle":1,"stat.drop.minecraft.cobblestone":3,"stat.pickup.minecraft.cooked_porkchop":53,"stat.pickup.minecraft.sticky_piston":1,"stat.useItem.minecraft.cookie":1,"stat.useItem.minecraft.stone_slab2":379,"stat.useItem.minecraft.mob_spawner":33,"stat.pickup.minecraft.bow":33,"stat.pickup.minecraft.iron_boots":18,"stat.killEntity.Piranha":13,"stat.drop.spartanshields.shield_basic_stone":1,"stat.craftItem.minecraft.furnace":7,"stat.craftItem.minecraft.lapis_block":13,"stat.craftItem.backpack.bound_leather":6,"stat.pickup.minecraft.golden_axe":1,"stat.useItem.minecraft.egg":3,"stat.pickup.minecraft.nether_wart_block":5,"stat.pickup.iceandfire.chain_link":11,"stat.craftItem.minecraft.cooked_beef":7,"stat.mineBlock.minecraft.obsidian":20,"stat.pickup.iceandfire.myrmex_resin":2,"stat.pickup.waymoreoresmod.mythrilblock":3,"stat.pickup.minecraft.diamond_leggings":7,"stat.flyOneCm":2456430,"stat.mineBlock.waymoreoresmod.onyxore":79,"stat.pickup.minecraft.sandstone":51,"stat.pickup.minecraft.nether_brick_stairs":4,"stat.useItem.iceandfire.chared_stone":6,"stat.pickup.minecraft.fish":23,"stat.timeSinceDeath":50400,"stat.pickup.iceandfire.dragonscales_silver":43,"stat.pickup.ebwizardry.arcane_workbench":1,"stat.craftItem.minecraft.iron_block":88,"stat.craftItem.ebwizardry.magic_crystal":8,"stat.killEntity.Bat":3,"stat.pickup.travelersbackpack.travelers_backpack":37,"stat.useItem.minecraft.potato":4,"stat.pickup.minecraft.chainmail_helmet":7,"stat.pickup.minecraft.nether_wart":40,"stat.pickup.ebwizardry.firebomb":2,"stat.mineBlock.minecraft.enchanting_table":2,"stat.pickup.iceandfire.frozen_cobblestone":14,"stat.mineBlock.minecraft.coal_ore":568,"stat.pickup.waymoreoresmod.galliumarmorlegs":1,"stat.pickup.minecraft.shield":28,"stat.killEntity.Creeper":60,"stat.talkedToVillager":33,"stat.drop.minecraft.spawn_egg":3,"stat.pickup.minecraft.string":1265,"stat.pickup.waymoreoresmod.invarore":41,"stat.pickup.tombstone.crafting_ingredient":200,"stat.entityKilledBy.Skeleton":6,"stat.sprintOneCm":5119945,"stat.mineBlock.minecraft.stone_slab":22,"stat.killEntity.ebwizardry:evil_wizard":3,"stat.mineBlock.minecraft.diamond_ore":95,"stat.craftItem.waymoreoresmod.galliumingot":48,"stat.pickup.minecraft.fireworks":8,"stat.pickup.mowziesmobs.barakoa_mask_fear":1,"stat.waystones:waystonesActivated":3,"stat.pickup.minecraft.leather_leggings":19,"stat.pickup.iceandfire.stone_statue":3,"stat.craftItem.iceandfire.armor_gray_helmet":1,"stat.pickup.minecraft.spawn_egg":390,"stat.pickup.minecraft.sugar":6,"stat.mineBlock.waymoreoresmod.mythrilore":207,"stat.pickup.ebwizardry.ruined_spell_book":37,"stat.drop.tombstone.grave_key":1,"stat.pickup.tombstone.grave_key":1,"stat.craftItem.minecraft.emerald":30,"stat.pickup.minecraft.iron_block":5,"stat.craftItem.backpack.backpack_piece":1,"stat.killEntity.Zombie":1286,"stat.craftItem.minecraft.dye":1235,"stat.craftItem.waymoreoresmod.invararmorlegs":1,"stat.pickup.minecraft.snowball":1,"stat.pickup.iceandfire.chared_dirt":1,"stat.pickup.waymoreoresmod.galliumingot":3,"stat.pickup.iceandfire.troll_weapon.trunk":1,"stat.mineBlock.minecraft.gold_ore":187,"stat.diveOneCm":500617,"stat.drop.minecraft.diamond_pickaxe":2,"stat.pickup.minecraft.wheat":60,"stat.mineBlock.minecraft.mossy_cobblestone":9,"stat.craftItem.minecraft.cooked_porkchop":18,"stat.useItem.minecraft.chicken":7,"stat.drop.minecraft.golden_shovel":1,"stat.pickup.waymoreoresmod.galliumarmorbody":1,"stat.pickup.minecraft.obsidian":27,"stat.craftItem.spartanshields.shield_basic_obsidian":1,"stat.useItem.minecraft.rotten_flesh":110,"stat.jump":18945,"stat.pickup.minecraft.coal":897,"stat.pickup.minecraft.iron_ingot":164,"stat.pickup.iceandfire.chared_gravel":4,"stat.pickup.minecraft.gunpowder":55,"stat.pickup.iceandfire.chared_stone":37,"stat.craftItem.minecraft.torch":1844,"stat.pickup.minecraft.dirt":230,"stat.pickup.iceandfire.fire_dragon_heart":2,"stat.pickup.minecraft.stone_shovel":2,"stat.useItem.minecraft.sapling":13,"stat.pickup.minecraft.gold_ore":181,"stat.mineBlock.minecraft.lapis_ore":41,"stat.pickup.minecraft.red_sandstone":69,"stat.pickup.minecraft.iron_axe":2,"stat.pickup.waymoreoresmod.onyxsword":1,"stat.brewingstandInteraction":1,"stat.damageTaken":58750,"stat.pickup.ebwizardry.scroll":3,"stat.mineBlock.minecraft.torch":120,"stat.mineBlock.minecraft.red_flower":7,"stat.tradedWithVillager":38,"stat.craftItem.waymoreoresmod.mythrilblock":7,"stat.mineBlock.minecraft.sapling":1,"stat.pickup.minecraft.magma_cream":2,"stat.pickup.minecraft.ender_eye":31,"stat.pickup.ebwizardry.crystal_flower":5,"stat.pickup.minecraft.log2":23,"stat.mineBlock.minecraft.sandstone_stairs":4,"stat.pickup.minecraft.bed":10,"stat.killEntity.hippogryph":3,"stat.pickup.minecraft.quartz_block":41,"stat.pickup.minecraft.potato":31,"stat.entityKilledBy.Zombie":24,"stat.pickup.minecraft.diamond_axe":7,"stat.pickup.iceandfire.chared_grass":1,"stat.craftItem.waymoreoresmod.galliumarmorboots":2,"stat.killEntity.Silverfish":107,"stat.craftItem.futuremc.stonecutter":1,"stat.craftItem.minecraft.stone_slab":18,"stat.animalsBred":5,"stat.useItem.minecraft.chest":43,"stat.pickup.minecraft.diamond_pickaxe":7,"stat.pickup.iceandfire.dread_shard":5,"stat.craftItem.minecraft.wheat":648,"stat.craftItem.waymoreoresmod.invararmorhelmet":1,"stat.useItem.tombstone.gift":3,"stat.pickup.mowziesmobs.barako_mask":2,"stat.craftItem.minecraft.iron_chestplate":1,"stat.killEntity.if_troll":5,"stat.pickup.minecraft.ender_pearl":346,"stat.pickup.tombstone.familiar_receptacle":1,"stat.pickup.minecraft.cooked_beef":13,"stat.killEntity.Stray":8,"stat.useItem.minecraft.netherrack":25,"stat.craftItem.travelersbackpack.sleeping_bag_bottom":2,"stat.mineBlock.minecraft.tnt":9,"stat.craftItem.minecraft.bookshelf":64,"stat.useItem.waymoreoresmod.invarsword":2226,"stat.mineBlock.minecraft.stonebrick":355,"stat.pickup.waymoreoresmod.galliumore":112,"stat.mobKills":3417,"stat.pickup.minecraft.diamond_boots":5,"stat.mineBlock.minecraft.bookshelf":78,"stat.drop.tombstone.magic_scroll":2,"stat.craftItem.minecraft.shears":1,"stat.pickup.iceandfire.gorgon_head":2,"stat.useItem.minecraft.boat":13,"stat.pickup.minecraft.diamond":99,"stat.pickup.minecraft.beetroot_seeds":42,"stat.pickup.minecraft.torch":279,"stat.killEntity.ebwizardry:remnant":3,"stat.killEntity.firedragon":7,"stat.drop.minecraft.mutton":28,"stat.drop.minecraft.waterlily":1,"stat.mineBlock.ebwizardry.crystal_flower":5,"stat.useItem.minecraft.bookshelf":55,"stat.killEntity.dread_ghoul":2,"stat.killEntity.Blaze":51,"stat.useItem.minecraft.mutton":14,"stat.pickup.spawnermod.spawner_key":1,"stat.useItem.minecraft.planks":499,"stat.pickup.minecraft.golden_boots":6,"stat.pickup.minecraft.porkchop":25,"stat.pickup.minecraft.glass":16,"stat.pickup.minecraft.blaze_powder":4,"stat.useItem.minecraft.water_bucket":225,"stat.mineBlock.minecraft.stone_brick_stairs":13,"stat.mineBlock.minecraft.nether_brick_fence":5,"stat.pickup.minecraft.sand":35,"stat.craftItem.minecraft.golden_apple":43,"stat.entityKilledBy.Spider":1,"stat.pickup.iceandfire.troll_leather_forest":4,"stat.killEntity.Mimic":9,"stat.killEntity.icedragon":1,"stat.craftItem.minecraft.stone_sword":1,"stat.pickup.ebwizardry.spectral_dust":2,"stat.useItem.minecraft.ender_pearl":123,"stat.pickup.minecraft.chainmail_chestplate":8,"stat.entityKilledBy.firedragon":7,"stat.pickup.mowziesmobs.barakoa_mask_misery":2,"stat.mineBlock.minecraft.sand":26,"stat.pickup.spartanshields.shield_basic_stone":1,"stat.pickup.iceandfire.ash":4,"stat.craftItem.iceandfire.dragon_stick":1,"stat.mineBlock.waymoreoresmod.invarore":38,"stat.craftItem.backpack.stick":6,"stat.craftItem.spartanshields.shield_basic_wood":5,"stat.craftItem.minecraft.blaze_powder":56,"stat.hopperInspected":65,"stat.useItem.minecraft.spawn_egg":256,"stat.mineBlock.waymoreoresmod.copper":10,"stat.pickup.minecraft.ghast_tear":5,"stat.trappedChestTriggered":1,"stat.useItem.minecraft.oak_stairs":1,"stat.mineBlock.waymoreoresmod.galliumore":87,"stat.mineBlock.iceandfire.silverpile":1,"stat.pickup.iceandfire.dragon_skull":8,"stat.drop.minecraft.stone_slab":2,"stat.mineBlock.ebwizardry.runestone":4,"stat.pickup.minecraft.furnace":32,"stat.useItem.minecraft.cooked_mutton":30,"stat.mineBlock.minecraft.end_bricks":10,"stat.pickup.iceandfire.troll_tusk":3,"stat.craftItem.travelersbackpack.travelers_backpack":2,"stat.pickup.minecraft.iron_chestplate":18,"stat.pickup.minecraft.skull":6,"stat.pickup.tombstone.magic_scroll":31,"stat.mineBlock.iceandfire.ash":6,"stat.pickup.minecraft.stone_stairs":9,"stat.pickup.minecraft.pumpkin_seeds":4,"stat.useItem.minecraft.hopper":30,"stat.mineBlock.minecraft.soul_sand":10,"stat.mineBlock.minecraft.oak_stairs":2,"stat.pickup.spartanshields.shield_basic_obsidian":2,"stat.mineBlock.iceandfire.chared_gravel":19,"stat.playOneMinute":2532331,"stat.pickup.minecraft.blaze_rod":28,"stat.drop.minecraft.string":24,"stat.pickup.minecraft.diamond_block":2,"stat.craftItem.minecraft.diamond_block":4,"stat.pickup.minecraft.iron_bars":179,"stat.pickup.minecraft.netherrack":302,"stat.craftItem.waymoreoresmod.mythrilingot":8,"stat.useItem.minecraft.fish":4,"stat.pickup.iceandfire.myrmex_desert_chitin":40,"stat.mineBlock.minecraft.netherrack":1169,"stat.mineBlock.minecraft.dispenser":4,"stat.pickup.minecraft.waterlily":7,"stat.craftItem.iceandfire.armor_red_helmet":1,"stat.killEntity.myrmex_royal":5,"stat.killEntity.Anthermite":4,"stat.mineBlock.minecraft.gold_block":4,"stat.craftItem.minecraft.iron_hoe":1,"stat.useItem.minecraft.experience_bottle":21,"stat.pickup.waymoreoresmod.adamantiumore":64,"stat.pickup.minecraft.cooked_chicken":1,"stat.fallOneCm":545884,"stat.mineBlock.ebwizardry.receptacle":1,"stat.drop.minecraft.dye":21,"stat.craftItem.minecraft.chest":18,"stat.drop.minecraft.book":1,"stat.pickup.minecraft.red_mushroom":21,"stat.pickup.minecraft.golden_leggings":5,"stat.useItem.minecraft.iron_hoe":24,"stat.pickup.iceandfire.lectern":1,"stat.dropperInspected":4,"stat.mineBlock.minecraft.nether_wart_block":4,"stat.useItem.waymoreoresmod.onyxsword":116,"stat.craftItem.iceandfire.armor_gray_leggings":1,"stat.pickup.minecraft.feather":38,"stat.mineBlock.minecraft.red_nether_brick":36,"stat.useItem.minecraft.furnace":14,"stat.pickup.iceandfire.dragonscales_red":50,"stat.pickup.minecraft.iron_leggings":22,"stat.mineBlock.minecraft.gravel":55,"stat.useItem.minecraft.stone_pickaxe":125,"stat.useItem.minecraft.stone_sword":114,"stat.pickup.minecraft.chainmail_boots":10,"stat.craftItem.waymoreoresmod.invararmorbody":1,"stat.craftItem.minecraft.leather":264,"stat.useItem.minecraft.iron_bars":3,"stat.mineBlock.minecraft.monster_egg":3,"stat.mineBlock.minecraft.quartz_stairs":91,"stat.mineBlock.iceandfire.myrmex_resin":2,"stat.pickup.waymoreoresmod.aquamarine":118,"stat.useItem.minecraft.torch":2167,"stat.pickup.minecraft.golden_apple":1,"stat.drop.tombstone.crafting_ingredient":1,"stat.useItem.minecraft.log":2,"stat.pickup.minecraft.crafting_table":35,"stat.craftItem.minecraft.crafting_table":12,"stat.craftItem.minecraft.boat":3,"stat.pickup.waymoreoresmod.ruby":68,"stat.killEntity.LavaSlime":7,"stat.mineBlock.ebwizardry.crystal_ore":107,"stat.mineBlock.minecraft.emerald_ore":5,"stat.killEntity.dread_scuttler":1,"stat.pickup.minecraft.redstone_block":5,"stat.pickup.minecraft.log":612,"stat.useItem.minecraft.cooked_fish":9,"stat.pickup.minecraft.web":43,"stat.drop.supertools.hammeriron":1,"stat.pickup.minecraft.chainmail_leggings":8,"stat.pickup.minecraft.sapling":61,"stat.pickup.minecraft.wooden_door":1,"stat.entityKilledBy.Enderman":2,"stat.pickup.iceandfire.dragonscales_gray":33,"stat.craftItem.iceandfire.bestiary":1,"stat.craftItem.waymoreoresmod.invarsword":2,"stat.drop.minecraft.bow":1,"stat.pickup.minecraft.beetroot":9,"stat.mineBlock.iceandfire.goldpile":295,"stat.pickup.minecraft.diamond_helmet":9,"stat.killEntity.WitherSkeleton":83,"stat.pickup.ebwizardry.receptacle":2,"stat.pickup.minecraft.golden_sword":2,"stat.craftItem.minecraft.cooked_chicken":24,"stat.pickup.iceandfire.pixie_house":4,"stat.sneakTime":28766,"stat.craftItem.spawnermod.spawner_key":1,"stat.entityKilledBy.Blaze":2,"stat.pickup.waymoreoresmod.vibraniumore":27,"stat.pickup.minecraft.stone_slab":19,"stat.pickup.minecraft.yellow_flower":2,"stat.mineBlock.minecraft.jukebox":1,"stat.useItem.minecraft.beetroot":3,"stat.pickup.minecraft.chest":51,"stat.useItem.minecraft.web":42,"stat.craftItem.iceandfire.lectern":1,"stat.useItem.spartanweaponry.halberd_diamond":2612,"stat.pickup.minecraft.bone":879,"stat.pickup.minecraft.redstone_torch":1,"stat.pickup.minecraft.stone_pressure_plate":3,"stat.killEntity.myrmex_sentinel":1,"stat.useItem.supertools.hammerdiamond":875,"stat.mineBlock.minecraft.brown_mushroom":2,"stat.craftItem.minecraft.diamond_helmet":1,"stat.useItem.spartanweaponry.greatsword_iron":254,"stat.swimOneCm":618504,"stat.mineBlock.minecraft.diamond_block":2,"stat.climbOneCm":112377,"stat.craftItem.minecraft.gold_block":49,"stat.useItem.minecraft.dirt":89,"stat.pickup.minecraft.golden_helmet":5,"stat.pickup.minecraft.enchanting_table":2,"stat.craftItem.spartanshields.shield_basic_iron":3,"stat.pickup.minecraft.anvil":23,"stat.useItem.minecraft.iron_ore":5,"stat.craftItem.minecraft.trapdoor":68,"stat.useItem.minecraft.golden_pickaxe":47,"stat.drop.minecraft.ender_pearl":5,"stat.craftItem.minecraft.stone_pickaxe":4,"stat.mineBlock.minecraft.magma":5,"stat.pickup.minecraft.cobblestone":15873,"stat.pickup.minecraft.quartz_stairs":57,"stat.mineBlock.minecraft.carpet":3,"stat.pickup.minecraft.gold_block":4,"stat.mineBlock.minecraft.redstone_block":3,"stat.mineBlock.chisel.limestone2":98,"stat.pickup.minecraft.soul_sand":11,"stat.pickup.minecraft.glass_bottle":2,"stat.mineBlock.iceandfire.lectern":1,"stat.drop.minecraft.wheat_seeds":1,"stat.useItem.minecraft.cooked_beef":31,"stat.pickup.minecraft.cactus":1,"stat.pickup.minecraft.golden_pickaxe":3,"stat.pickup.waymoreoresmod.onyx":63,"stat.pickup.minecraft.redstone":776,"stat.mineBlock.minecraft.iron_ore":821,"stat.craftItem.minecraft.book":17,"stat.craftItem.iceandfire.dragon_horn":1,"stat.pickup.minecraft.mutton":73,"stat.pickup.minecraft.mossy_cobblestone":10,"stat.mineBlock.ebwizardry.arcane_workbench":1,"stat.mineBlock.minecraft.coal_block":32,"stat.pickup.waymoreoresmod.invarsword":4,"stat.pickup.minecraft.stonebrick":292,"stat.drop.minecraft.dirt":1,"stat.useItem.minecraft.cooked_porkchop":45,"stat.pickup.ebwizardry.magic_crystal":215,"stat.pickup.minecraft.carpet":24,"stat.pickup.minecraft.trapdoor":11,"stat.mineBlock.minecraft.nether_brick":261,"stat.pickup.iceandfire.frozen_stone":10,"stat.mineBlock.minecraft.red_sandstone_stairs":42,"stat.pickup.waymoreoresmod.invaringot":3,"stat.pickup.minecraft.sandstone_stairs":3,"stat.mineBlock.futuremc.blast_furnace":2,"stat.pickup.minecraft.paper":2,"stat.pickup.aether_legacy.diamond_gloves":1,"stat.craftItem.minecraft.stick":700,"stat.killEntity.dread_thrall":1,"stat.mineBlock.waymoreoresmod.aquamarineore":51,"stat.useItem.minecraft.stone_slab":23,"stat.craftItem.minecraft.stone":18,"stat.pickup.minecraft.grass":2,"stat.killEntity.myrmex_soldier":8,"stat.mineBlock.minecraft.crafting_table":35,"stat.useItem.minecraft.diamond_pickaxe":1833,"stat.mineBlock.minecraft.quartz_block":100,"stat.useItem.minecraft.carrot":1321,"stat.killEntity.Endermite":58,"stat.useItem.minecraft.ender_eye":47,"stat.pickup.minecraft.diamond_chestplate":11,"stat.drop.minecraft.golden_apple":6,"stat.useItem.minecraft.bucket":226,"stat.entityKilledBy.Creeper":3,"stat.craftItem.waymoreoresmod.galliumarmorlegs":2,"stat.killEntity.ebwizardry:wizard":2,"stat.mineBlock.minecraft.planks":116,"stat.drop":242,"stat.killEntity.cyclops":2,"stat.craftItem.spartanshields.shield_basic_stone":1,"stat.killEntity.Sheep":40,"stat.useItem.iceandfire.chared_cobblestone":9,"stat.pickup.minecraft.slime_ball":15,"stat.drop.minecraft.redstone_block":1,"stat.pickup.minecraft.golden_chestplate":10,"stat.craftItem.minecraft.diamond_pickaxe":1,"stat.craftItem.spartanweaponry.greatsword_iron":1,"stat.craftItem.backpack.backpack_frame":1,"stat.drop.minecraft.bread":2,"stat.drop.minecraft.wooden_pickaxe":1,"stat.pickup.minecraft.gravel":60,"stat.mineBlock.minecraft.anvil":22,"stat.useItem.minecraft.apple":3,"stat.useItem.minecraft.potion":10,"stat.pickup.minecraft.stone_brick_stairs":8,"stat.craftItem.travelersbackpack.backpack_tank":4,"stat.pickup.minecraft.fence":2,"stat.pickup.minecraft.iron_helmet":29,"stat.useItem.minecraft.stone_axe":65,"stat.mineBlock.iceandfire.frozen_stone":17,"stat.pickup.minecraft.spider_eye":163,"stat.craftItem.minecraft.iron_helmet":1,"stat.pickup.minecraft.diamond_ore":1,"stat.craftItem.waymoreoresmod.galliumarmorhelmet":2,"stat.useItem.minecraft.cooked_chicken":20,"stat.pickup.minecraft.iron_ore":923,"stat.mineBlock.mca.rose_gold_ore":81,"stat.boatOneCm":850578,"stat.mineBlock.minecraft.iron_bars":202,"stat.pickup.minecraft.leaves":111,"stat.mineBlock.minecraft.stone_stairs":14,"stat.pickup.waymoreoresmod.copper":7,"stat.pickup.minecraft.leather":31,"stat.mineBlock.minecraft.furnace":33,"stat.useItem.minecraft.wooden_pickaxe":19,"stat.dispenserInspected":11,"stat.craftItem.minecraft.golden_hoe":1,"stat.mineBlock.iceandfire.chared_cobblestone":23,"stat.craftItem.waymoreoresmod.invarbow":2,"stat.pickup.iceandfire.sapphire_gem":4,"stat.pickup.minecraft.reeds":46,"stat.killEntity.CaveSpider":61,"tombstone:undead_killed":2109,"stat.useItem.tombstone.grave_key":47,"stat.pickup.minecraft.oak_stairs":4,"stat.damageDealt":480938,"stat.craftItem.minecraft.glass":22,"stat.drop.minecraft.cooked_chicken":4,"stat.killEntity.dread_beast":1,"stat.sleepInBed":30,"stat.craftItem.minecraft.anvil":2,"stat.mineBlock.minecraft.nether_brick_stairs":19,"stat.pickup.minecraft.end_bricks":5,"stat.killEntity.Cow":12,"stat.killEntity.Pig":23,"stat.mineBlock.iceandfire.chared_dirt":1,"stat.pickup.minecraft.boat":12,"stat.walkOneCm":8935626,"stat.playerKills":17,"stat.pickup.minecraft.stick":42,"stat.pickup.minecraft.clay_ball":1,"stat.mineBlock.minecraft.trapped_chest":2,"stat.mineBlock.chisel.basalt2":49,"stat.drop.minecraft.iron_block":1,"stat.pickup.minecraft.tnt":9,"stat.pickup.minecraft.stone":2898,"stat.craftItem.minecraft.hay_block":28,"stat.useItem.minecraft.leaves":80,"stat.pickup.minecraft.gold_ingot":42,"stat.killEntity.Skeleton":647,"stat.killEntity.Chicken":41,"stat.mineBlock.minecraft.redstone_torch":1,"stat.killEntity.Spider":288,"stat.mineBlock.minecraft.quartz_ore":37,"stat.pickup.minecraft.bread":6,"stat.drop.minecraft.nether_wart_block":1,"stat.pickup.ebwizardry.runestone":1,"stat.mineBlock.waymoreoresmod.vibraniumore":47,"stat.pickup.minecraft.quartz":72,"stat.entityKilledBy.Husk":1,"stat.pickup.mowziesmobs.barakoa_mask_bliss":5,"stat.useItem.minecraft.golden_apple":35,"stat.pickup.minecraft.golden_shovel":3,"stat.mineBlock.minecraft.leaves":468,"stat.mineBlock.minecraft.redstone_ore":231,"stat.pickup.spartanweaponry.halberd_diamond":4,"stat.craftItem.minecraft.coal_block":20,"stat.mineBlock.minecraft.hay_block":58,"stat.mineBlock.minecraft.stone":27576,"stat.useItem.minecraft.sandstone":6}